1, Alberto, Rodrigues, alberto@rodrigues.com, 690000100
1, Alberto, Rodrigues, alberto@rodrigues.com, 690000100
1, Alberto, Rodrigues, alberto@rodrigues.com, 690000100
1, Alberto, Rodrigues, alberto@rodrigues.com, 690000100
1, Alberto, Rodrigues, alberto@rodrigues.com, 690000100
1, Alberto, Rodrigues, alberto@rodrigues.com, 690000100
1, Alberto, Rodrigues, alberto@rodrigues.com, 690000100
1, Alberto, Rodrigues, alberto@rodrigues.com, 690000100
1, Alberto, Rodrigues, alberto@rodrigues.com, 690000100
1, Alberto, Rodrigues, alberto@rodrigues.com, 690000100
1, Alberto, Rodrigues, alberto@rodrigues.com, 690000100
1, Alberto, Rodrigues, alberto@rodrigues.com, 690000100
1, Alberto, Rodrigues, alberto@rodrigues.com, 690000100
1, Alberto, Rodrigues, alberto@rodrigues.com, 690000100
1, Alberto, Rodrigues, alberto@rodrigues.com, 690000100
1, Alberto, Rodrigues, alberto@rodrigues.com, 690000100
1, Alberto, Rodrigues, alberto@rodrigues.com, 690000100
1, Alberto, Rodrigues, alberto@rodrigues.com, 690000100
1, Alberto, Rodrigues, alberto@rodrigues.com, 690000100
1, Alberto, Rodrigues, alberto@rodrigues.com, 690000100
1, Alberto, Rodrigues, alberto@rodrigues.com, 690000100
1, Alberto, Rodrigues, alberto@rodrigues.com, 690000100
1, Alberto, Rodrigues, alberto@rodrigues.com, 690000100
1, Alberto, Rodrigues, alberto@rodrigues.com, 690000100
1, Alberto, Rodrigues, alberto@rodrigues.com, 690000100
1, Alberto, Rodrigues, alberto@rodrigues.com, 690000100
1, Alberto, Rodrigues, alberto@rodrigues.com, 690000100
1, Alberto, Rodrigues, alberto@rodrigues.com, 690000100
1, Alberto, Rodrigues, alberto@rodrigues.com, 690000100
1, Alberto, Rodrigues, alberto@rodrigues.com, 690000100